TimeStamp,Delta_TP9,Delta_AF7,Delta_AF8,Delta_TP10,Theta_TP9,Theta_AF7,Theta_AF8,Theta_TP10,Alpha_TP9,Alpha_AF7,Alpha_AF8,Alpha_TP10,Beta_TP9,Beta_AF7,Beta_AF8,Beta_TP10,Gamma_TP9,Gamma_AF7,Gamma_AF8,Gamma_TP10,RAW_TP9,RAW_AF7,RAW_AF8,RAW_TP10,AUX_RIGHT,Accelerometer_X,Accelerometer_Y,Accelerometer_Z,Gyro_X,Gyro_Y,Gyro_Z,HeadBandOn,HSI_TP9,HSI_AF7,HSI_AF8,HSI_TP10,Battery,Elements
2017-07-08 11:26:08.879,3.4960895,2.1197543,2.3512137,-Infinity,2.4584048,1.6750153,1.6617951,-Infinity,2.6308167,1.5712044,1.9059988,-Infinity,2.0388978,1.2379613,1.114579,-Infinity,1.3647199,0.72715884,0.5602081,-Infinity,850.989,NaN,857.03296,NaN,NaN,-0.65509033203125,0.0986328125,0.78717041015625,-1.2261962890625,-0.097198486328125,-5.330963134765625,1,1.0,1.0,1.0,4.0,64.64
2017-07-08 11:26:09.896,3.3647678,2.3917897,2.1282783,-Infinity,2.317288,1.6574285,1.497154,-Infinity,2.4325583,1.8427614,1.7429117,-Infinity,1.9773792,1.2679635,1.0818186,-Infinity,1.2606856,0.7302368,0.5448525,-Infinity,853.8095,NaN,853.00366,NaN,NaN,-0.5889892578125,0.0604248046875,0.802001953125,-1.21124267578125,21.17431640625,3.970184326171875,1,1.0,1.0,1.0,4.0,64.64
2017-07-08 11:26:10.904,3.3647678,2.2525702,2.15674,-Infinity,2.317288,1.6338886,1.597903,-Infinity,2.4325583,1.7421836,1.7114272,-Infinity,1.9773792,1.174398,1.0693506,-Infinity,1.2606856,0.6352154,0.5012806,-Infinity,732.52747,NaN,825.6044,NaN,NaN,-0.4732666015625,0.09765625,0.89300537109375,1.36077880859375,1.6748046875,-2.130889892578125,1,1.0,1.0,1.0,4.0,64.64
2017-07-08 11:26:11.908,3.3647678,2.3143764,2.038584,-Infinity,2.317288,1.4348011,1.5373932,-Infinity,2.4325583,1.5967488,1.7043654,-Infinity,1.9773792,1.0662055,0.9612314,-Infinity,1.2606856,0.6826483,0.60624874,-Infinity,857.8388,NaN,857.8388,NaN,NaN,-0.53021240234375,0.056640625,0.82666015625,0.650482177734375,4.68048095703125,-0.73272705078125,1,1.0,1.0,1.0,4.0,64.64
2017-07-08 11:26:12.923,3.5782907,2.434072,2.4997854,-Infinity,2.6343277,1.6741236,1.7104831,-Infinity,2.8711324,1.8368379,2.2151165,-Infinity,2.1323493,1.2420887,1.3156134,-Infinity,1.4926448,0.76416326,0.7883447,-Infinity,852.1978,NaN,853.00366,NaN,NaN,-0.53021240234375,0.056640625,0.82666015625,1.24114990234375,2.55706787109375,2.743988037109375,1,1.0,1.0,1.0,4.0,64.64
2017-07-08 11:26:13.938,3.6933596,2.742301,2.8001568,-Infinity,2.6597981,1.9088718,1.9519384,-Infinity,2.9593837,2.125173,2.4485023,-Infinity,2.1809773,1.4478128,1.486958,-Infinity,1.5718602,0.88653,0.94256103,-Infinity,842.9304,NaN,847.76556,NaN,NaN,-0.5545654296875,0.10284423828125,0.77923583984375,2.55706787109375,13.884429931640625,-6.631927490234375,1,1.0,1.0,1.0,4.0,64.64
2017-07-08 11:26:14.964,3.781483,2.676268,2.4275694,-Infinity,2.8091953,1.8483596,1.6438177,-Infinity,3.2360487,2.1233974,2.107999,-Infinity,2.281485,1.4095016,1.2485263,-Infinity,1.7079915,0.85180914,0.73995847,-Infinity,867.1062,NaN,856.2271,NaN,NaN,-0.55511474609375,0.07012939453125,0.88055419921875,1.06170654296875,0.11962890625,-2.76641845703125,1,1.0,1.0,1.0,4.0,64.64
2017-07-08 11:26:15.972,3.5538208,3.4942284,3.450285,-Infinity,2.5594237,2.5446193,2.5154355,-Infinity,2.871912,3.0138667,3.0186033,-Infinity,2.091489,2.0342736,2.0042813,-Infinity,1.5131522,1.4595562,1.4099807,-Infinity,NaN,NaN,857.8388,NaN,NaN,-0.5380859375,0.06011962890625,0.835205078125,1.00189208984375,2.340240478515625,1.03179931640625,1,1.0,1.0,1.0,4.0,64.64
2017-07-08 11:26:16.978,3.591126,3.7374573,3.7706323,-Infinity,2.590605,2.7740169,2.80452,-Infinity,2.9654336,3.0337815,3.0563817,-Infinity,2.1218026,2.2661338,2.2939024,-Infinity,1.5374613,1.6743839,1.6866523,-Infinity,NaN,845.34796,853.4066,NaN,NaN,-0.53369140625,0.0625,0.83447265625,0.979461669921875,2.01873779296875,1.62994384765625,1,1.0,1.0,1.0,4.0,64.64
2017-07-08 11:26:17.990,3.5153115,3.2873027,2.4999025,-Infinity,2.5302582,2.3150587,1.6288085,-Infinity,2.9426877,2.7353601,1.9643599,-Infinity,2.0423214,1.8101524,1.2466348,-Infinity,1.45943,1.2358953,0.7240503,-Infinity,NaN,847.76556,NaN,NaN,NaN,-0.53369140625,0.0625,0.83447265625,1.099090576171875,-0.097198486328125,1.607513427734375,1,1.0,1.0,1.0,4.0,64.64
2017-07-08 11:26:19.016,3.8736775,3.4123204,2.3651607,-Infinity,2.9003787,2.4669373,1.5885702,-Infinity,3.089229,2.7788138,1.8821541,-Infinity,2.4221113,1.9540063,1.1747978,-Infinity,1.7959365,1.3807106,0.6881284,-Infinity,862.674,NaN,844.94507,NaN,NaN,-0.530029296875,0.08306884765625,0.83160400390625,0.680389404296875,2.19818115234375,1.31591796875,1,1.0,1.0,1.0,4.0,64.64
2017-07-08 11:26:20.033,3.8784823,3.600806,2.18123,-Infinity,3.0723898,2.6196778,1.6046587,-Infinity,3.513354,2.9382765,1.6026953,-Infinity,2.559465,2.129073,1.0270357,-Infinity,2.00875,1.5383674,0.59757763,-Infinity,NaN,NaN,NaN,NaN,NaN,-0.530029296875,0.08306884765625,0.83160400390625,0.605621337890625,1.55517578125,1.55517578125,1,1.0,1.0,1.0,4.0,64.64
2017-07-08 11:26:21.044,3.6728985,3.6565213,2.270173,-Infinity,2.6847556,2.6694257,1.5192918,-Infinity,2.884112,2.9384117,1.9088734,-Infinity,2.185605,2.1556833,1.0472007,-Infinity,1.5925589,1.5598143,0.5551227,-Infinity,NaN,854.21246,848.97437,NaN,NaN,-0.530029296875,0.08306884765625,0.83160400390625,1.188812255859375,0.605621337890625,0.4486083984375,1,1.0,1.0,1.0,4.0,64.64
2017-07-08 11:26:22.064,3.8043904,3.1176386,2.4204848,-Infinity,2.7656162,2.1611004,1.544484,-Infinity,2.9793363,2.700718,1.9933867,-Infinity,2.2932544,1.6777394,1.1164005,-Infinity,1.6991432,1.088164,0.6099051,-Infinity,NaN,883.22345,823.9927,NaN,NaN,-0.530029296875,0.08306884765625,0.83160400390625,2.130889892578125,2.930908203125,1.016845703125,1,1.0,1.0,1.0,4.0,64.64
2017-07-08 11:26:23.076,4.0069585,2.5346987,2.3496196,-Infinity,2.9171023,1.7304043,1.5698669,-Infinity,2.9438128,1.9794008,1.9028572,-Infinity,2.4659429,1.1991894,1.1599627,-Infinity,1.881219,0.64515746,0.62664557,-Infinity,NaN,NaN,837.6923,NaN,NaN,-0.530029296875,0.08306884765625,0.83160400390625,0.64300537109375,1.547698974609375,1.248626708984375,1,1.0,1.0,1.0,4.0,64.64
2017-07-08 11:26:24.086,4.0620337,2.444293,2.3120558,-Infinity,3.229965,1.6503159,1.5311317,-Infinity,3.5455632,1.9564404,1.9011499,-Infinity,2.7119286,1.1898366,1.1848742,-Infinity,2.1613653,0.70845896,0.61334825,-Infinity,NaN,858.6447,850.18317,NaN,NaN,-0.51251220703125,0.08831787109375,0.8455810546875,0.889739990234375,1.697235107421875,1.203765869140625,1,1.0,1.0,1.0,4.0,64.64
2017-07-08 11:26:25.104,4.00801,2.4733381,2.379172,-Infinity,3.1165423,1.6912405,1.7140417,-Infinity,3.5455632,1.7403953,1.5602248,-Infinity,2.5992045,1.2817167,1.1992717,-Infinity,2.0246081,0.7530117,0.62665176,-Infinity,NaN,NaN,NaN,NaN,NaN,-0.51251220703125,0.08831787109375,0.8455810546875,0.590667724609375,1.8841552734375,1.308441162109375,1,1.0,1.0,1.0,4.0,64.64
2017-07-08 11:26:26.110,3.6596568,3.6636064,3.403933,-Infinity,2.6344044,2.6968608,2.4480534,-Infinity,2.9131584,3.0793028,2.9542263,-Infinity,2.139001,2.177211,1.9470226,-Infinity,1.5539949,1.5989491,1.351469,-Infinity,852.6007,NaN,841.31866,NaN,NaN,-0.5128173828125,0.087158203125,0.84637451171875,1.1962890625,2.43743896484375,1.4654541015625,1,1.0,1.0,1.0,4.0,64.64
2017-07-08 11:26:27.113,3.551796,3.7073758,3.2035837,-Infinity,2.5481234,2.7376127,2.2576492,-Infinity,2.778207,3.1413128,2.8224275,-Infinity,2.0384197,2.2285872,1.7759144,-Infinity,1.4533428,1.6441854,1.2102921,-Infinity,NaN,845.7509,NaN,NaN,NaN,-0.5128173828125,0.087158203125,0.84637451171875,1.03179931640625,1.7645263671875,1.45050048828125,1,1.0,1.0,1.0,4.0,64.64
2017-07-08 11:26:28.121,3.32657,2.7075663,1.7781353,-Infinity,2.2466464,1.8214906,1.2799898,-Infinity,2.3245656,2.2548363,1.6623707,-Infinity,1.782121,1.4248204,1.0156047,-Infinity,1.1661727,0.860033,0.52626944,-Infinity,NaN,NaN,845.7509,NaN,NaN,-0.50885009765625,0.08978271484375,0.838134765625,1.71966552734375,3.611297607421875,1.936492919921875,1,1.0,1.0,1.0,4.0,64.64
2017-07-08 11:26:29.128,4.0602546,2.782738,1.8173088,-Infinity,3.0680702,1.8971062,1.2946566,-Infinity,3.1450057,2.2411258,1.6158369,-Infinity,2.564383,1.4948647,0.9377206,-Infinity,1.983552,0.8920167,0.37849012,-Infinity,NaN,854.61536,847.76556,NaN,NaN,-0.52093505859375,0.094970703125,0.838623046875,1.383209228515625,1.936492919921875,1.308441162109375,1,1.0,1.0,1.0,4.0,64.64
2017-07-08 11:26:30.130,3.801223,2.6233013,2.0530229,-Infinity,2.8230312,1.8098608,1.4678342,-Infinity,3.129225,2.2144887,1.5567364,-Infinity,2.332666,1.318629,0.9557742,-Infinity,1.7409241,0.74195063,0.47370845,-Infinity,865.09155,NaN,849.7802,NaN,NaN,-0.523193359375,0.09979248046875,0.8521728515625,1.562652587890625,3.09539794921875,2.19818115234375,1,1.0,1.0,1.0,4.0,64.64
2017-07-08 11:26:31.152,3.4109893,2.39355,2.0623603,-Infinity,2.353931,1.6866467,1.4403491,-Infinity,2.8608673,1.8472977,1.5509564,-Infinity,1.887951,1.2491745,0.9931662,-Infinity,1.3084451,0.6250162,0.46883473,-Infinity,NaN,869.92676,NaN,NaN,NaN,-0.523193359375,0.09979248046875,0.8521728515625,1.03179931640625,1.398162841796875,1.495361328125,1,1.0,1.0,1.0,4.0,64.64
2017-07-08 11:26:32.169,3.6770647,2.416864,2.043708,-Infinity,2.7002115,1.7128307,1.3919126,-Infinity,2.7910004,1.8582554,1.842875,-Infinity,2.1984968,1.2748418,1.0803404,-Infinity,1.6070445,0.5979782,0.5273177,-Infinity,NaN,853.8095,NaN,NaN,NaN,-0.523193359375,0.09979248046875,0.8521728515625,1.921539306640625,1.951446533203125,0.6280517578125,1,1.0,1.0,1.0,4.0,64.64
2017-07-08 11:26:33.181,3.8005984,2.031789,2.3880646,-Infinity,2.7491212,1.3279117,1.5755589,-Infinity,3.0195873,1.6203032,1.8390611,-Infinity,2.2632122,1.0074576,1.1555773,-Infinity,1.6792178,0.47662416,0.6107171,-Infinity,868.315,NaN,856.2271,NaN,NaN,-0.51092529296875,0.1180419921875,0.83807373046875,0.7476806640625,0.9271240234375,2.280426025390625,1,1.0,1.0,1.0,4.0,64.64
2017-07-08 11:26:34.215,3.6825142,3.1541574,2.5581422,-Infinity,2.6286979,2.1792455,1.6469885,-Infinity,2.984686,2.6771266,1.9952383,-Infinity,2.14792,1.6999441,1.2673973,-Infinity,1.5862777,1.0898949,0.7504363,-Infinity,NaN,883.6264,NaN,NaN,NaN,-0.50665283203125,0.11151123046875,0.84063720703125,-0.82244873046875,1.77947998046875,1.30096435546875,1,1.0,1.0,1.0,4.0,64.64
2017-07-08 11:26:35.237,3.7341735,3.4477332,2.6541314,-Infinity,2.8130896,2.475964,1.7428038,-Infinity,2.8457215,2.7586744,1.9997796,-Infinity,2.2913678,1.9743512,1.3625059,-Infinity,1.6563385,1.3780915,0.7942058,-Infinity,NaN,NaN,NaN,NaN,NaN,-0.496826171875,0.11175537109375,0.85028076171875,0.8074951171875,1.435546875,1.3458251953125,1,1.0,1.0,1.0,4.0,64.64
2017-07-08 11:26:36.260,3.4229105,3.689853,3.3241131,-Infinity,2.4789698,2.6998487,2.3430743,-Infinity,2.8457215,3.0899906,2.917627,-Infinity,1.9718727,2.1621828,1.8643757,-Infinity,1.3636782,1.58641,1.2629412,-Infinity,NaN,844.5421,860.65936,NaN,NaN,-0.49566650390625,0.1171875,0.8458251953125,0.67291259765625,2.444915771484375,1.7047119140625,1,1.0,1.0,1.0,4.0,64.64
2017-07-08 11:26:37.277,3.1625946,3.0228438,3.33923,-Infinity,2.236407,2.0302584,2.394398,-Infinity,2.7445104,2.3961823,2.8960216,-Infinity,1.7828913,1.552932,1.8894628,-Infinity,1.1877286,0.97112375,1.3047868,-Infinity,NaN,857.4359,NaN,NaN,NaN,-0.49566650390625,0.1171875,0.8458251953125,0.964508056640625,2.3626708984375,1.772003173828125,1,1.0,1.0,1.0,4.0,64.64
2017-07-08 11:26:38.286,3.8583148,2.4016435,3.097284,-Infinity,2.8322172,1.6216785,2.176665,-Infinity,3.0599384,2.0377443,2.639412,-Infinity,2.3635182,1.2307519,1.6930109,-Infinity,1.7643819,0.6387083,1.1030321,-Infinity,872.3443,856.63007,859.0476,NaN,NaN,-0.5035400390625,0.1219482421875,0.8388671875,1.77947998046875,3.7384033203125,2.01873779296875,1,1.0,1.0,1.0,4.0,64.64
2017-07-08 11:26:39.328,4.0290794,2.57307,3.0658567,-Infinity,2.9858265,1.7107118,2.119027,-Infinity,3.0833013,2.0815668,2.639412,-Infinity,2.501291,1.2627803,1.6560397,-Infinity,1.9262832,0.710108,1.071818,-Infinity,NaN,850.58606,NaN,NaN,NaN,-0.5098876953125,0.12603759765625,0.83990478515625,0.31402587890625,1.368255615234375,1.577606201171875,1,1.0,1.0,1.0,4.0,64.64
2017-07-08 11:26:40.353,4.036374,3.2506123,2.3700936,-Infinity,3.0583477,2.3608565,1.6334833,-Infinity,3.2254899,2.855471,1.8887504,-Infinity,2.537588,1.8237141,1.1520141,-Infinity,1.9519567,1.2191255,0.6141445,-Infinity,NaN,851.39197,NaN,NaN,NaN,-0.50909423828125,0.12115478515625,0.843505859375,0.9869384765625,2.1832275390625,1.413116455078125,1,1.0,1.0,1.0,4.0,64.64
2017-07-08 11:26:41.355,3.7822556,3.5345907,2.2622352,-Infinity,2.8260527,2.5857587,1.6085409,-Infinity,3.120145,2.9012706,1.6254946,-Infinity,2.2964442,2.0704443,1.099962,-Infinity,1.719644,1.4591212,0.61533314,-Infinity,NaN,850.58606,NaN,NaN,NaN,-0.50079345703125,0.1220703125,0.8570556640625,-0.11962890625,3.48419189453125,2.1234130859375,1,1.0,1.0,1.0,4.0,64.64
2017-07-08 11:26:42.381,3.9515522,3.0194619,2.4541588,-Infinity,2.951858,2.048354,1.681932,-Infinity,3.121794,2.4027221,2.1027658,-Infinity,2.4378066,1.5947665,1.2440574,-Infinity,1.8530774,0.9932921,0.669608,-Infinity,866.7033,NaN,857.4359,NaN,NaN,-0.5367431640625,0.1353759765625,0.82080078125,1.0467529296875,2.58697509765625,1.12152099609375,1,1.0,1.0,1.0,4.0,64.64
2017-07-08 11:26:43.406,3.9558191,2.6640432,2.1520915,-Infinity,2.983605,1.7462595,1.5323343,-Infinity,3.1132996,2.1693318,1.5840067,-Infinity,2.4804509,1.3298103,1.0269877,-Infinity,1.8754505,0.76751286,0.4988129,-Infinity,842.1245,NaN,NaN,NaN,NaN,-0.525634765625,0.11334228515625,0.84124755859375,-0.2093505859375,3.895416259765625,20.277099609375,1,1.0,1.0,1.0,4.0,64.64
2017-07-08 11:26:44.415,3.584463,2.2651277,2.580788,-Infinity,2.5898519,1.568966,1.7225262,-Infinity,2.952909,1.6322513,2.034633,-Infinity,2.1261306,1.1190099,1.2815253,-Infinity,1.4740415,0.60356045,0.7374288,-Infinity,902.5641,NaN,811.0989,NaN,NaN,-0.525634765625,0.11334228515625,0.84124755859375,42.131805419921875,-21.376190185546875,-104.42108154296875,1,1.0,1.0,1.0,4.0,64.64
2017-07-08 11:26:45.435,3.2009366,2.6812904,3.235326,-Infinity,2.1709902,1.7758347,2.2803078,-Infinity,2.273476,2.1202128,2.8136451,-Infinity,1.7069845,1.3012416,1.7780654,-Infinity,1.0948431,0.73753524,1.1942263,-Infinity,890.4762,NaN,NaN,NaN,NaN,-0.4974365234375,0.0836181640625,0.856689453125,2.908477783203125,-0.859832763671875,-8.845062255859375,1,1.0,1.0,1.0,4.0,64.64
2017-07-08 11:26:46.445,3.2009366,2.838687,3.8279567,-Infinity,2.1709902,1.9129479,2.8620672,-Infinity,2.273476,2.1202128,3.069017,-Infinity,1.7069845,1.4589936,2.3457296,-Infinity,1.0948431,0.89669466,1.7579421,-Infinity,NaN,765.16486,876.77655,NaN,NaN,-0.45819091796875,0.0966796875,0.87353515625,-14.841461181640625,8.904876708984375,41.369171142578125,1,1.0,1.0,1.0,4.0,64.64
2017-07-08 11:26:47.460,3.813252,2.838687,3.6004503,-Infinity,2.8238306,1.9129479,2.647846,-Infinity,2.9410772,2.1202128,3.0682886,-Infinity,2.323663,1.4589936,2.13531,-Infinity,1.7589587,0.89669466,1.549576,-Infinity,NaN,854.21246,853.4066,NaN,NaN,-0.47821044921875,0.08551025390625,0.86309814453125,-0.9271240234375,-0.560760498046875,2.968292236328125,1,1.0,1.0,1.0,4.0,64.64
2017-07-08 11:26:48.469,3.5871909,2.1096425,1.5951912,-Infinity,2.5965087,1.5250487,1.1015905,-Infinity,2.8435876,1.5930287,1.5046219,-Infinity,2.1005359,1.0554755,0.8731528,-Infinity,1.519594,0.5024511,0.30509374,-Infinity,838.49817,NaN,837.6923,NaN,NaN,-0.45172119140625,0.08587646484375,0.87957763671875,2.093505859375,3.237457275390625,-0.2392578125,1,1.0,1.0,1.0,4.0,64.64
2017-07-08 11:26:49.477,3.7726789,2.138163,2.2141914,-Infinity,2.7882302,1.537031,1.4174646,-Infinity,2.9725435,1.6090281,1.9035188,-Infinity,2.2840126,1.1329385,1.0313277,-Infinity,1.6937042,0.58815753,0.5195487,-Infinity,851.39197,NaN,858.24176,NaN,NaN,-0.45172119140625,0.08587646484375,0.87957763671875,1.1065673828125,1.742095947265625,0.70281982421875,1,1.0,1.0,1.0,4.0,64.64
2017-07-08 11:26:50.480,3.506889,2.0591538,2.525241,-Infinity,2.495721,1.3964225,1.5919021,-Infinity,2.9583473,1.858729,2.1575456,-Infinity,2.0138931,1.0393399,1.2287335,-Infinity,1.429248,0.532212,0.7060612,-Infinity,NaN,849.7802,NaN,NaN,NaN,-0.4794921875,0.0736083984375,0.8671875,1.55517578125,3.342132568359375,0.874786376953125,1,1.0,1.0,1.0,4.0,64.64
2017-07-08 11:26:51.555,3.2669177,2.3377194,2.5151672,-Infinity,2.268316,1.5607098,1.6641971,-Infinity,2.7094576,2.0262604,2.1272507,-Infinity,1.7953151,1.1253202,1.3011951,-Infinity,1.2419188,0.65705466,0.68905187,-Infinity,848.5714,NaN,846.55676,NaN,NaN,-0.46954345703125,0.07464599609375,0.8642578125,0.82244873046875,0.620574951171875,1.65985107421875,1,1.0,1.0,1.0,4.0,64.64
2017-07-08 11:26:52.571,3.654761,1.1990364,2.1710312,-Infinity,2.6659005,0.7952572,1.497599,-Infinity,2.946211,1.1779639,1.6328521,-Infinity,2.162795,0.89928913,1.0869914,-Infinity,1.5987568,0.47458723,0.5965466,-Infinity,NaN,871.9414,NaN,NaN,NaN,-0.46954345703125,0.07464599609375,0.8642578125,-3.42437744140625,1.0467529296875,1.203765869140625,1,1.0,1.0,1.0,4.0,64.64
2017-07-08 11:26:53.597,3.7846565,2.5275693,2.2181773,-Infinity,2.7030244,1.6698909,1.4319893,-Infinity,3.106256,1.8045237,1.8882891,-Infinity,2.2317064,1.2694027,1.1446834,-Infinity,1.6521982,0.5997186,0.578907,-Infinity,NaN,832.8571,845.7509,NaN,NaN,-0.46954345703125,0.07464599609375,0.8642578125,0.471038818359375,5.1141357421875,1.218719482421875,1,1.0,1.0,1.0,4.0,64.64
2017-07-08 11:26:54.599,3.9273589,2.5142493,2.4663413,-Infinity,2.962925,1.7218544,1.6275504,-Infinity,3.2376854,1.83161,2.0285673,-Infinity,2.4313855,1.2240438,1.3042371,-Infinity,1.7997243,0.61481345,0.7215529,-Infinity,NaN,NaN,849.7802,NaN,NaN,-0.46954345703125,0.07464599609375,0.8642578125,0.321502685546875,1.413116455078125,1.607513427734375,1,1.0,1.0,1.0,4.0,64.64
2017-07-08 11:26:55.615,3.9793086,3.0156198,3.5278888,-Infinity,3.077141,2.0529652,2.573943,-Infinity,3.2222733,2.383024,3.047359,-Infinity,2.523527,1.5817424,2.0809424,-Infinity,1.8783704,1.0036805,1.4806484,-Infinity,NaN,NaN,NaN,NaN,NaN,-0.4559326171875,0.046630859375,0.87335205078125,1.03179931640625,2.250518798828125,1.375732421875,1,1.0,1.0,1.0,4.0,64.64
2017-07-08 11:26:56.623,3.4962149,3.2376266,3.8415682,-Infinity,2.4615602,2.2589717,2.8648407,-Infinity,3.003945,2.587656,3.0753052,-Infinity,1.9881595,1.7707275,2.3719149,-Infinity,1.3890163,1.17367,1.7748344,-Infinity,827.2161,NaN,845.34796,NaN,NaN,-0.4599609375,0.04461669921875,0.878662109375,-2.9010009765625,-1.55517578125,5.450592041015625,1,1.0,1.0,1.0,4.0,64.64
2017-07-08 11:26:57.634,3.2812767,3.0821974,3.7211127,-Infinity,2.274503,2.1220977,2.7456234,-Infinity,2.6815012,2.5851204,3.0706031,-Infinity,1.7844976,1.6419455,2.2518945,-Infinity,1.2330823,1.0457118,1.6647877,-Infinity,NaN,NaN,859.85345,NaN,NaN,-0.4599609375,0.04461669921875,0.878662109375,1.98883056640625,1.2860107421875,1.8243408203125,1,1.0,1.0,1.0,4.0,64.64
2017-07-08 11:26:58.641,4.05779,2.4588075,3.3709013,-Infinity,3.0719452,1.7220478,2.4321659,-Infinity,3.1579266,1.7294449,2.8324604,-Infinity,2.5626085,1.2660613,1.9419441,-Infinity,1.9726574,0.6491386,1.3457952,-Infinity,848.5714,NaN,NaN,NaN,NaN,-0.4599609375,0.04461669921875,0.878662109375,-1.57012939453125,3.446807861328125,4.5758056640625,1,1.0,1.0,1.0,4.0,64.64
2017-07-08 11:26:59.652,3.8355427,3.8808143,2.3542302,-Infinity,2.8576827,2.8363988,1.6225901,-Infinity,3.1121438,2.9314785,1.787982,-Infinity,2.340444,2.3606994,1.1146731,-Infinity,1.7341584,1.7617915,0.59926695,-Infinity,NaN,NaN,848.97437,NaN,NaN,-0.4599609375,0.04461669921875,0.878662109375,1.09161376953125,1.413116455078125,1.435546875,1,1.0,1.0,1.0,4.0,64.64
2017-07-08 11:27:00.668,3.8153484,3.4833155,2.3144016,-Infinity,2.8418279,2.4668431,1.574422,-Infinity,3.1388757,2.9314785,1.7813532,-Infinity,2.329997,1.9976352,1.0890405,-Infinity,1.727122,1.4069186,0.55484205,-Infinity,NaN,NaN,852.6007,NaN,NaN,-0.498779296875,0.06573486328125,0.84814453125,0.620574951171875,2.385101318359375,1.517791748046875,1,1.0,1.0,1.0,4.0,64.64
2017-07-08 11:27:01.677,4.054133,2.489814,2.151138,-Infinity,3.069993,1.64447,1.5102983,-Infinity,3.1721354,1.8997726,1.6409743,-Infinity,2.549153,1.2467988,1.1079038,-Infinity,1.9299365,0.69981337,0.6410496,-Infinity,NaN,NaN,NaN,NaN,NaN,-0.50262451171875,0.065185546875,0.8504638671875,0.40374755859375,1.846771240234375,1.697235107421875,1,1.0,1.0,1.0,4.0,64.64
2017-07-08 11:27:02.685,4.0215015,1.915292,2.6556344,-Infinity,2.9860523,1.3965565,1.7861938,-Infinity,3.123737,1.6897452,2.1761732,-Infinity,2.4913635,1.0437173,1.3790784,-Infinity,1.8931264,0.47279325,0.8061361,-Infinity,NaN,NaN,850.58606,NaN,NaN,-0.50262451171875,0.065185546875,0.8504638671875,1.03179931640625,1.973876953125,1.65985107421875,1,1.0,1.0,1.0,4.0,64.64
2017-07-08 11:27:03.694,4.0980625,2.3738868,2.518186,-Infinity,3.0522623,1.7092819,1.6475217,-Infinity,3.182309,1.6472697,2.1548936,-Infinity,2.5533693,1.2439722,1.2247958,-Infinity,1.9693127,0.6936344,0.70941186,-Infinity,852.1978,NaN,853.00366,NaN,NaN,-0.50262451171875,0.065185546875,0.8504638671875,0.680389404296875,2.572021484375,1.5850830078125,1,1.0,1.0,1.0,4.0,64.64
2017-07-08 11:27:04.706,4.0494623,2.6799247,2.5735803,-Infinity,3.043099,1.8083849,1.6748655,-Infinity,3.1924381,2.026604,1.9542416,-Infinity,2.551303,1.3316448,1.2563967,-Infinity,1.968768,0.81834936,0.76171935,-Infinity,841.31866,NaN,842.9304,NaN,NaN,-0.50262451171875,0.065185546875,0.8504638671875,0.680389404296875,1.188812255859375,1.757049560546875,1,1.0,1.0,1.0,4.0,64.64
2017-07-08 11:27:05.711,4.0566077,3.4967809,3.3930924,-Infinity,3.0856586,2.5251946,2.4224389,-Infinity,3.1792555,3.0213985,2.9217918,-Infinity,2.584839,2.0185924,1.9044198,-Infinity,1.97715,1.4392039,1.338485,-Infinity,NaN,865.4945,840.5128,NaN,NaN,-0.50262451171875,0.065185546875,0.8504638671875,0.142059326171875,1.8243408203125,1.71966552734375,1,1.0,1.0,1.0,4.0,64.64
2017-07-08 11:27:06.724,3.6644282,3.8098161,3.6116047,-Infinity,2.68549,2.8338497,2.631958,-Infinity,3.0736606,3.0987918,2.9303043,-Infinity,2.1831489,2.3240216,2.1130016,-Infinity,1.5622581,1.7283868,1.5603576,-Infinity,857.4359,NaN,855.0183,NaN,NaN,-0.50262451171875,0.065185546875,0.8504638671875,0.770111083984375,2.58697509765625,4.02252197265625,1,1.0,1.0,1.0,4.0,64.64
2017-07-08 11:27:07.739,3.8599868,3.3203013,3.3191142,-Infinity,2.8534315,2.383688,2.3715205,-Infinity,3.0675025,2.8608725,2.9107056,-Infinity,2.3599195,1.8866627,1.87557,-Infinity,1.7550994,1.2909127,1.3196148,-Infinity,867.50916,863.0769,848.1685,NaN,NaN,-0.50262451171875,0.065185546875,0.8504638671875,0.560760498046875,2.041168212890625,1.4654541015625,1,1.0,1.0,1.0,4.0,64.64
2017-07-08 11:27:08.742,4.0065274,2.3602636,2.374871,-Infinity,3.384282,1.6455904,1.6422278,-Infinity,3.2195299,1.8727708,1.8422555,-Infinity,2.7814195,1.2397346,1.1907811,-Infinity,2.0723217,0.70326555,0.69307554,-Infinity,NaN,NaN,838.49817,NaN,NaN,-0.4912109375,0.04302978515625,0.85784912109375,0.171966552734375,1.906585693359375,2.205657958984375,1,1.0,1.0,1.0,4.0,64.64
2017-07-08 11:27:09.753,3.4522226,2.456518,2.952554,-Infinity,3.2799563,1.6547537,2.0278687,-Infinity,3.625197,1.9598325,2.542382,-Infinity,2.6661108,1.2486823,1.5277435,-Infinity,2.0654664,0.7034241,0.9569501,-Infinity,NaN,852.6007,NaN,NaN,NaN,-0.48822021484375,0.04931640625,0.86151123046875,1.278533935546875,2.093505859375,1.443023681640625,1,1.0,1.0,1.0,4.0,64.64
2017-07-08 11:27:10.773,3.8963716,2.9748454,2.9807584,-Infinity,3.2685087,2.0613089,2.046233,-Infinity,3.625197,2.5111473,2.5488899,-Infinity,2.7274764,1.5996075,1.5757507,-Infinity,2.2149827,1.0301299,1.0081929,-Infinity,NaN,851.39197,NaN,NaN,NaN,-0.48687744140625,0.048583984375,0.85919189453125,0.8673095703125,1.906585693359375,1.89910888671875,1,1.0,1.0,1.0,4.0,64.64
2017-07-08 11:27:11.775,4.0013394,3.0837562,2.7335393,-Infinity,3.0244596,2.1516678,1.8601333,-Infinity,3.1091049,2.6439538,2.0760036,-Infinity,2.518099,1.6790246,1.4134219,-Infinity,1.921474,1.1022471,0.81117517,-Infinity,858.24176,NaN,NaN,NaN,NaN,-0.48687744140625,0.048583984375,0.85919189453125,0.844879150390625,2.25799560546875,1.80938720703125,1,1.0,1.0,1.0,4.0,64.64
2017-07-08 11:27:12.790,3.8713605,2.706595,2.5700839,-Infinity,2.8665907,1.9041591,1.7530975,-Infinity,3.1150475,2.0413907,2.0611055,-Infinity,2.3641624,1.4053605,1.3246444,-Infinity,1.7854775,0.8508959,0.74662906,-Infinity,868.315,858.24176,861.06226,NaN,NaN,-0.48687744140625,0.048583984375,0.85919189453125,1.375732421875,1.8243408203125,1.846771240234375,1,1.0,1.0,1.0,4.0,64.64
2017-07-08 11:27:13.807,3.4329967,2.9096403,2.4083064,-Infinity,2.3628786,1.9706196,1.6658981,-Infinity,2.810871,2.335827,1.8705916,-Infinity,1.9012411,1.4809448,1.232497,-Infinity,1.3335525,0.92240363,0.67002296,-Infinity,NaN,NaN,NaN,NaN,NaN,-0.48687744140625,0.048583984375,0.85919189453125,0.800018310546875,1.65985107421875,1.1663818359375,1,1.0,1.0,1.0,4.0,64.64
2017-07-08 11:27:14.835,3.9974918,2.5194936,2.4710915,-Infinity,2.9745505,1.6508878,1.7626132,-Infinity,3.1944618,1.8478919,1.7909348,-Infinity,2.4843602,1.2446388,1.2949979,-Infinity,1.9141194,0.65929234,0.70846444,-Infinity,NaN,NaN,856.63007,NaN,NaN,-0.48687744140625,0.048583984375,0.85919189453125,1.1663818359375,2.145843505859375,1.7645263671875,1,1.0,1.0,1.0,4.0,64.64
2017-07-08 11:27:15.853,3.8411257,3.2310493,3.688553,-Infinity,2.867635,2.2956333,2.7220066,-Infinity,3.1829584,2.6301956,3.0618086,-Infinity,2.3647268,1.8134278,2.2303421,-Infinity,1.7819262,1.2204328,1.6369578,-Infinity,NaN,NaN,849.3773,NaN,NaN,-0.48553466796875,0.07391357421875,0.85845947265625,1.203765869140625,2.145843505859375,1.846771240234375,1,1.0,1.0,1.0,4.0,64.64
2017-07-08 11:27:16.859,3.938053,3.1072237,4.0011287,-Infinity,2.9838338,2.2079773,3.0364327,-Infinity,3.1183083,2.628107,3.0756354,-Infinity,2.485726,1.6880081,2.5315535,-Infinity,1.8797414,1.1170393,1.9419407,-Infinity,872.74725,NaN,842.1245,NaN,NaN,-0.48516845703125,0.08038330078125,0.86279296875,0.904693603515625,1.7645263671875,1.831817626953125,1,1.0,1.0,1.0,4.0,64.64
2017-07-08 11:27:17.892,4.090368,2.499834,3.3847394,-Infinity,3.111827,1.7668154,2.4319801,-Infinity,3.1389024,1.930262,2.9171207,-Infinity,2.620193,1.2252086,1.9449574,-Infinity,2.0225363,0.67816967,1.3631749,-Infinity,NaN,849.3773,NaN,NaN,NaN,-0.48516845703125,0.08038330078125,0.86279296875,0.919647216796875,1.667327880859375,1.30096435546875,1,1.0,1.0,1.0,4.0,64.64
2017-07-08 11:27:18.895,4.0699162,2.9492042,2.6624565,-Infinity,3.1995196,2.0376098,1.7901806,-Infinity,3.4307933,2.4606836,2.2070038,-Infinity,2.6791139,1.5574291,1.3712305,-Infinity,2.1261187,0.98789346,0.792695,-Infinity,NaN,856.63007,844.5421,NaN,NaN,-0.46954345703125,0.09515380859375,0.86578369140625,1.158905029296875,1.495361328125,1.158905029296875,1,1.0,1.0,1.0,4.0,64.64
2017-07-08 11:27:19.897,3.9357414,3.0831962,2.348126,-Infinity,3.0878057,2.141368,1.635819,-Infinity,3.4471858,2.5143116,1.6137748,-Infinity,2.5691473,1.6691527,1.2053509,-Infinity,2.0254998,1.0723256,0.62505466,-Infinity,NaN,NaN,852.1978,NaN,NaN,-0.46954345703125,0.09515380859375,0.86578369140625,2.115936279296875,1.74957275390625,1.009368896484375,1,1.0,1.0,1.0,4.0,64.64
2017-07-08 11:27:20.911,3.5515404,2.3984883,2.3361933,-Infinity,2.5683722,1.6620922,1.578714,-Infinity,2.8679838,1.7764407,1.8965749,-Infinity,2.0625153,1.272783,1.209547,-Infinity,1.4316531,0.6799545,0.6292253,-Infinity,853.8095,852.1978,846.55676,NaN,NaN,-0.46307373046875,0.1201171875,0.868408203125,2.75146484375,0.994415283203125,1.562652587890625,1,1.0,1.0,1.0,4.0,64.64
2017-07-08 11:27:21.916,4.0035253,2.2489245,2.3138044,-Infinity,2.9034874,1.6206447,1.5873747,-Infinity,2.9886966,1.6859684,1.9589608,-Infinity,2.4355056,1.1294603,1.1673051,-Infinity,1.8373698,0.6093686,0.66388565,-Infinity,NaN,854.61536,849.7802,NaN,NaN,-0.46307373046875,0.1201171875,0.868408203125,0.710296630859375,1.92901611328125,1.39068603515625,1,1.0,1.0,1.0,4.0,64.64
2017-07-08 11:27:22.938,3.9638922,2.3506155,2.1269896,-Infinity,3.0194643,1.6323512,1.4518328,-Infinity,3.3724294,1.907133,1.8543092,-Infinity,2.4909828,1.0287199,0.9558739,-Infinity,1.9373517,0.6147627,0.5526739,-Infinity,NaN,848.97437,851.39197,NaN,NaN,-0.46307373046875,0.1201171875,0.868408203125,0.829925537109375,1.951446533203125,1.502838134765625,1,1.0,1.0,1.0,4.0,64.64
2017-07-08 11:27:23.959,3.7058742,2.438857,2.334593,-Infinity,2.710129,1.6625863,1.4134835,-Infinity,3.0920231,1.9880791,1.7949516,-Infinity,2.2313185,1.1680429,1.0869269,-Infinity,1.6245649,0.6604486,0.66596514,-Infinity,857.4359,849.3773,852.6007,NaN,NaN,-0.45489501953125,0.129150390625,0.8692626953125,1.398162841796875,2.818756103515625,1.308441162109375,1,1.0,1.0,1.0,4.0,64.64
2017-07-08 11:27:24.965,3.0313408,2.2789125,2.1641874,-Infinity,2.0321114,1.5277321,1.4760697,-Infinity,2.263939,1.8353211,1.6320287,-Infinity,1.5973538,1.123115,1.0176105,-Infinity,1.0440061,0.6166081,0.6147291,-Infinity,850.18317,NaN,849.3773,NaN,NaN,-0.4599609375,0.12884521484375,0.85986328125,0.52337646484375,2.13836669921875,2.639312744140625,1,1.0,1.0,1.0,4.0,64.64
2017-07-08 11:27:25.993,2.903946,2.5575802,3.5326867,-Infinity,1.9833435,1.7496208,2.5575354,-Infinity,2.2688918,1.9772562,3.069903,-Infinity,1.5536318,1.3411572,2.0586214,-Infinity,1.0030284,0.79962194,1.468834,-Infinity,NaN,NaN,851.79486,NaN,NaN,-0.46368408203125,0.126953125,0.86328125,2.295379638671875,3.648681640625,1.831817626953125,1,1.0,1.0,1.0,4.0,64.36
2017-07-08 11:27:26.998,2.8133693,2.7986867,3.4627628,-Infinity,1.8754015,1.8509383,2.4698648,-Infinity,2.163214,2.1566968,3.003973,-Infinity,1.4949168,1.43991,1.986785,-Infinity,0.9233463,0.8187925,1.4054598,-Infinity,NaN,853.8095,NaN,NaN,NaN,-0.493408203125,0.13604736328125,0.838623046875,1.83929443359375,4.673004150390625,1.016845703125,1,1.0,1.0,1.0,4.0,64.36
2017-07-08 11:27:28.003,3.0587945,2.3081253,1.9892291,-Infinity,1.9897052,1.4247599,1.3866204,-Infinity,2.242546,1.9168496,1.5440753,-Infinity,1.6063565,1.1152875,1.0275364,-Infinity,1.0984273,0.58418936,0.50782406,-Infinity,NaN,853.00366,852.6007,NaN,NaN,-0.50042724609375,0.1337890625,0.8448486328125,1.712188720703125,3.372039794921875,0.79254150390625,1,1.0,1.0,1.0,4.0,64.36
2017-07-08 11:27:29.015,3.2504334,1.6268241,1.795181,-Infinity,2.2749019,1.0739601,1.2642627,-Infinity,2.7309318,1.6558272,1.5592339,-Infinity,1.8161842,0.89576477,0.99555415,-Infinity,1.2505913,0.41717082,0.6000921,-Infinity,NaN,NaN,850.989,NaN,NaN,-0.5040283203125,0.1868896484375,0.84210205078125,1.457977294921875,-4.47113037109375,-0.0,1,1.0,1.0,1.0,4.0,64.36
2017-07-08 11:27:30.016,3.688887,1.8511132,3.3551102,-Infinity,2.6215744,1.3745193,2.3984177,-Infinity,2.9483693,1.7415707,2.827748,-Infinity,2.1539958,1.0861282,1.9014778,-Infinity,1.586144,0.63532674,1.3454988,-Infinity,867.1062,NaN,842.1245,NaN,NaN,-0.5040283203125,0.1868896484375,0.84210205078125,1.338348388671875,6.736602783203125,1.323394775390625,1,1.0,1.0,1.0,4.0,64.36
2017-07-08 11:27:31.025,2.8765736,2.3279996,3.134172,-Infinity,1.9338199,1.6180952,2.1875513,-Infinity,2.1343565,1.8094143,2.7599401,-Infinity,1.4502193,1.2353874,1.7068568,-Infinity,0.903795,0.7127362,1.1368551,-Infinity,NaN,868.71796,NaN,NaN,NaN,-0.5040283203125,0.1868896484375,0.84210205078125,-1.614990234375,1.495361328125,3.36456298828125,1,1.0,1.0,1.0,4.0,64.36
2017-07-08 11:27:32.055,3.627652,2.5507698,1.9654903,-Infinity,2.6171157,1.7891055,1.3230084,-Infinity,3.011294,1.8700297,1.6883373,-Infinity,2.126555,1.3281449,1.0480251,-Infinity,1.5393171,0.75884557,0.53476506,-Infinity,NaN,848.5714,NaN,NaN,NaN,-0.46600341796875,0.09356689453125,0.86029052734375,0.91217041015625,1.7645263671875,2.3626708984375,1,1.0,1.0,1.0,4.0,64.36
2017-07-08 11:27:33.077,3.6463652,2.5454364,2.0346181,-Infinity,2.6303442,1.7223356,1.4195338,-Infinity,2.9605281,1.9478701,1.9086361,-Infinity,2.1385877,1.2603078,1.1268681,-Infinity,1.554083,0.7650225,0.6326587,-Infinity,863.8828,NaN,855.82416,NaN,NaN,-0.478759765625,0.095703125,0.86920166015625,0.590667724609375,2.340240478515625,2.07855224609375,1,1.0,1.0,1.0,4.0,64.36
2017-07-08 11:27:34.087,3.6894362,2.3971019,2.1866918,-Infinity,2.6672952,1.6317837,1.540644,-Infinity,2.9913368,1.93516,1.8903085,-Infinity,2.1790445,1.1588877,1.0631715,-Infinity,1.5795697,0.6836611,0.6354283,-Infinity,NaN,846.1539,848.97437,NaN,NaN,-0.4813232421875,0.10601806640625,0.8575439453125,2.280426025390625,2.75146484375,1.383209228515625,1,1.0,1.0,1.0,4.0,64.36
2017-07-08 11:27:35.094,3.3882065,2.404531,2.641488,-Infinity,2.3884807,1.6168044,1.729031,-Infinity,2.8476198,1.8085208,2.0430896,-Infinity,1.9179103,1.2008067,1.2935685,-Infinity,1.3179916,0.6378112,0.76479423,-Infinity,NaN,NaN,852.6007,NaN,NaN,-0.4788818359375,0.1177978515625,0.865966796875,1.136474609375,1.547698974609375,-0.11962890625,1,1.0,1.0,1.0,4.0,64.36
2017-07-08 11:27:36.096,3.7613926,2.8684938,3.5300171,-Infinity,2.756446,1.9557151,2.542482,-Infinity,3.0239487,2.4266446,3.013445,-Infinity,2.279533,1.5216024,2.0447414,-Infinity,1.6615041,0.9348648,1.4658233,-Infinity,NaN,NaN,844.5421,NaN,NaN,-0.4864501953125,0.12054443359375,0.85491943359375,1.622467041015625,3.177642822265625,1.861724853515625,1,1.0,1.0,1.0,4.0,64.36
2017-07-08 11:27:37.118,4.162964,2.8802524,3.468359,-Infinity,3.1571825,1.9612293,2.4887245,-Infinity,3.1365683,2.3832333,2.979327,-Infinity,2.6768878,1.4883893,1.9833769,-Infinity,2.0747268,0.9389424,1.365672,-Infinity,NaN,NaN,NaN,NaN,NaN,-0.4864501953125,0.12054443359375,0.85491943359375,1.36077880859375,1.36077880859375,1.45050048828125,1,1.0,1.0,1.0,4.0,64.36
2017-07-08 11:27:38.138,4.211839,2.739865,2.6068575,-Infinity,3.267051,1.8296086,1.7184874,-Infinity,3.5792115,2.1948445,2.1658218,-Infinity,2.7708497,1.4100144,1.2838956,-Infinity,2.2145915,0.84031695,0.76616335,-Infinity,NaN,NaN,843.3333,NaN,NaN,-0.48388671875,0.1126708984375,0.856689453125,0.7177734375,2.73651123046875,1.48040771484375,1,1.0,1.0,1.0,4.0,64.36
2017-07-08 11:27:39.141,4.1333504,2.6366293,2.591442,-Infinity,3.357164,1.8121915,1.7319127,-Infinity,3.5792115,1.8859447,2.000977,-Infinity,2.8260045,1.3279437,1.2782556,-Infinity,2.3190491,0.72959584,0.7110491,-Infinity,902.96704,NaN,NaN,NaN,NaN,-0.48388671875,0.1126708984375,0.856689453125,0.889739990234375,1.55517578125,1.2860107421875,1,1.0,1.0,1.0,4.0,64.36
2017-07-08 11:27:40.164,4.1846514,3.019769,2.6242309,-Infinity,3.4228501,2.089842,1.7173647,-Infinity,3.5792115,2.555562,1.9019792,-Infinity,2.8901136,1.6072389,1.2878124,-Infinity,2.3860328,1.0281664,0.7694832,-Infinity,NaN,NaN,841.31866,NaN,NaN,-0.48388671875,0.1126708984375,0.856689453125,0.515899658203125,1.48040771484375,1.801910400390625,1,1.0,1.0,1.0,4.0,64.36
2017-07-08 11:27:41.198,4.1846514,3.1831102,3.0460792,-Infinity,3.4228501,2.2533474,2.1024299,-Infinity,3.5792115,2.5705338,2.6224086,-Infinity,2.8901136,1.7907921,1.6582788,-Infinity,2.3860328,1.1925122,1.0763792,-Infinity,NaN,NaN,854.61536,NaN,NaN,-0.48388671875,0.1126708984375,0.856689453125,0.28411865234375,1.31591796875,1.936492919921875,1,1.0,1.0,1.0,4.0,64.36
2017-07-08 11:27:42.215,3.6749742,2.9217982,3.1792243,-Infinity,2.9524543,2.0107498,2.22348,-Infinity,3.4036613,2.5627313,2.6224086,-Infinity,2.4096258,1.5959262,1.7662723,-Infinity,1.858413,0.98256105,1.1733278,-Infinity,869.5238,NaN,847.76556,NaN,NaN,-0.48388671875,0.1126708984375,0.856689453125,1.413116455078125,1.128997802734375,1.07666015625,1,1.0,1.0,1.0,4.0,64.36
2017-07-08 11:27:43.241,3.969638,2.952161,2.3730824,-Infinity,2.999911,1.9854404,1.4877828,-Infinity,3.101322,2.2318072,1.9829172,-Infinity,2.495825,1.5745174,1.1140062,-Infinity,1.8833176,0.9778904,0.64014953,-Infinity,851.39197,NaN,842.1245,NaN,NaN,-0.47979736328125,0.12481689453125,0.853515625,-4.314117431640625,-1.323394775390625,-4.4561767578125,1,1.0,1.0,1.0,4.0,64.36
2017-07-08 11:27:44.256,3.632318,2.7417321,2.3489015,-Infinity,2.6071665,1.8050767,1.5617044,-Infinity,2.9669375,2.1918032,1.9329093,-Infinity,2.1200294,1.3725586,1.1573185,-Infinity,1.5367081,0.8299298,0.60906595,-Infinity,NaN,850.18317,NaN,NaN,NaN,-0.4295654296875,0.08624267578125,0.89495849609375,0.22430419921875,7.29736328125,2.99072265625,1,1.0,1.0,1.0,4.0,64.36
2017-07-08 11:27:45.258,3.176099,2.972362,2.5224078,-Infinity,2.1151145,2.054663,1.676454,-Infinity,2.441648,2.631288,2.1906219,-Infinity,1.6799859,1.6006718,1.2568433,-Infinity,1.1252269,0.9925588,0.73397076,-Infinity,839.707,842.1245,NaN,NaN,NaN,-0.48974609375,0.06640625,0.8626708984375,0.2691650390625,1.55517578125,1.39068603515625,1,1.0,1.0,1.0,4.0,64.36
2017-07-08 11:27:46.279,3.2993228,3.1041796,3.554212,-Infinity,2.3023665,2.1817734,2.5970235,-Infinity,2.699862,2.631288,2.9518554,-Infinity,1.8107257,1.723812,2.0995839,-Infinity,1.2424164,1.1070772,1.5197563,-Infinity,NaN,860.65936,NaN,NaN,NaN,-0.48150634765625,0.0928955078125,0.86785888671875,1.973876953125,1.71966552734375,0.994415283203125,1,1.0,1.0,1.0,4.0,64.31
2017-07-08 11:27:47.294,3.632965,2.9597173,3.2166991,-Infinity,2.6329615,2.08728,2.2852817,-Infinity,3.0049005,2.3641977,2.828712,-Infinity,2.137731,1.6049963,1.8037782,-Infinity,1.57183,1.0495944,1.2305796,-Infinity,854.61536,NaN,847.76556,NaN,NaN,-0.4871826171875,0.10015869140625,0.85565185546875,1.024322509765625,2.2430419921875,1.188812255859375,1,1.0,1.0,1.0,4.0,64.31
2017-07-08 11:27:48.314,3.6108425,2.9896946,2.5636024,-Infinity,2.5958247,2.046213,1.6345738,-Infinity,2.93603,2.3471532,2.1482222,-Infinity,2.1201916,1.6111323,1.2669241,-Infinity,1.5628841,1.05135,0.6924359,-Infinity,NaN,859.0476,850.58606,NaN,NaN,-0.493896484375,0.09600830078125,0.84576416015625,1.33087158203125,2.8411865234375,2.265472412109375,1,1.0,1.0,1.0,4.0,64.31
2017-07-08 11:27:49.337,3.3181329,2.6353824,2.2527094,-Infinity,2.324367,1.8112559,1.5933473,-Infinity,2.7310052,1.9315181,1.7048479,-Infinity,1.8477669,1.384686,1.1575506,-Infinity,1.2784287,0.83564657,0.7018511,-Infinity,NaN,859.85345,NaN,NaN,NaN,-0.493896484375,0.09600830078125,0.84576416015625,0.874786376953125,1.981353759765625,1.57012939453125,1,1.0,1.0,1.0,4.0,64.31
2017-07-08 11:27:50.347,3.045473,2.5751112,2.1422892,-Infinity,2.034448,1.819276,1.5440583,-Infinity,2.3614047,1.5651984,1.6687706,-Infinity,1.591375,1.3464828,1.158387,-Infinity,1.0275996,0.7643303,0.6481787,-Infinity,NaN,850.989,NaN,NaN,NaN,-0.493896484375,0.09600830078125,0.84576416015625,1.12152099609375,3.192596435546875,1.876678466796875,1,1.0,1.0,1.0,4.0,64.31
2017-07-08 11:27:51.364,3.9399881,2.5905895,2.4740248,-Infinity,2.9682374,1.7649609,1.6071569,-Infinity,3.1057668,1.9581673,2.152017,-Infinity,2.47171,1.3554653,1.2836508,-Infinity,1.8804674,0.77662903,0.7328324,-Infinity,NaN,NaN,NaN,NaN,NaN,-0.490478515625,0.105224609375,0.84930419921875,0.560760498046875,0.889739990234375,1.45050048828125,1,1.0,1.0,1.0,4.0,64.31
2017-07-08 11:27:52.383,4.113818,2.678021,2.6044204,-Infinity,3.1317303,1.7939589,1.7465215,-Infinity,3.1770883,2.009767,2.1535633,-Infinity,2.6304998,1.3953044,1.3649263,-Infinity,2.0665596,0.83124864,0.8087945,-Infinity,NaN,NaN,852.6007,NaN,NaN,-0.48748779296875,0.10675048828125,0.85626220703125,0.9271240234375,1.57012939453125,1.48040771484375,1,1.0,1.0,1.0,4.0,64.31
2017-07-08 11:27:53.398,3.7639155,2.6328013,2.709794,-Infinity,3.2863882,1.7962042,1.8031391,-Infinity,3.6357405,1.8234342,1.8582846,-Infinity,2.7328918,1.3203685,1.3779634,-Infinity,2.2341719,0.730947,0.82561606,-Infinity,NaN,NaN,861.4652,NaN,NaN,-0.48748779296875,0.10675048828125,0.85626220703125,0.0299072265625,1.74957275390625,1.4056396484375,1,1.0,1.0,1.0,4.0,64.31
2017-07-08 11:27:54.401,4.056432,2.5521984,3.3005595,-Infinity,3.151372,1.8157889,2.317919,-Infinity,3.3381264,1.8959167,2.812729,-Infinity,2.6291516,1.3029609,1.8166436,-Infinity,2.0655982,0.7264192,1.258319,-Infinity,NaN,854.21246,NaN,NaN,NaN,-0.486328125,0.10052490234375,0.85601806640625,0.725250244140625,1.682281494140625,0.83740234375,1,1.0,1.0,1.0,4.0,64.31
2017-07-08 11:27:55.419,4.1029515,2.8251433,3.4649832,-Infinity,3.0803945,1.8806634,2.488164,-Infinity,3.191407,2.2906494,2.838387,-Infinity,2.5734751,1.4094466,1.9794956,-Infinity,1.9667795,0.882721,1.3930889,-Infinity,888.0586,858.6447,NaN,NaN,NaN,-0.478759765625,0.10296630859375,0.8641357421875,0.441131591796875,2.04864501953125,1.45050048828125,1,1.0,1.0,1.0,4.0,64.31
2017-07-08 11:27:56.425,4.1334333,2.5561845,3.7109118,-Infinity,3.1246116,1.7205449,2.7205534,-Infinity,3.0759664,1.9221324,2.9779325,-Infinity,2.6167412,1.2548556,2.2251098,-Infinity,2.0418737,0.7281585,1.6191338,-Infinity,NaN,853.00366,NaN,NaN,NaN,-0.478759765625,0.10296630859375,0.8641357421875,1.383209228515625,3.87298583984375,1.375732421875,1,1.0,1.0,1.0,4.0,64.31
2017-07-08 11:27:57.449,3.858439,2.6787148,3.3171191,-Infinity,2.8590262,1.8363091,2.380424,-Infinity,3.0679705,2.257307,2.896337,-Infinity,2.3445957,1.3805118,1.89583,-Infinity,1.7669154,0.79096365,1.2921658,-Infinity,NaN,NaN,859.0476,NaN,NaN,-0.48956298828125,0.09521484375,0.85931396484375,0.231781005859375,0.814971923828125,1.9439697265625,1,1.0,1.0,1.0,4.0,64.31
2017-07-08 11:27:58.454,3.5918298,2.3396368,2.490864,-Infinity,2.556579,1.6677583,1.6696135,-Infinity,2.6820598,1.7578074,1.8376343,-Infinity,2.0516768,1.2003096,1.2432162,-Infinity,1.4680972,0.66863394,0.64815426,-Infinity,NaN,864.68866,848.97437,NaN,NaN,-0.48956298828125,0.09521484375,0.85931396484375,1.248626708984375,1.55517578125,1.248626708984375,1,1.0,1.0,1.0,4.0,64.31
2017-07-08 11:27:59.478,3.3092256,2.4499383,2.5672424,-Infinity,2.1242864,1.7364696,1.7269216,-Infinity,2.245274,1.7440002,1.8474877,-Infinity,1.7702535,1.1540447,1.3038896,-Infinity,1.1498275,0.6843762,0.6837533,-Infinity,846.9597,NaN,839.707,NaN,NaN,-0.48956298828125,0.09521484375,0.85931396484375,1.21124267578125,2.7813720703125,1.614990234375,1,1.0,1.0,1.0,4.0,64.31
2017-07-08 11:28:00.486,4.281824,2.9822114,2.452871,-Infinity,3.27341,2.0434709,1.6350263,-Infinity,3.2560866,2.587945,1.7245134,-Infinity,2.7583456,1.5853322,1.2727818,-Infinity,2.1740432,0.96953136,0.5546854,-Infinity,855.82416,NaN,860.65936,NaN,NaN,-0.48956298828125,0.09521484375,0.85931396484375,0.261688232421875,1.2860107421875,2.803802490234375,1,1.0,1.0,1.0,4.0,64.31
2017-07-08 11:28:01.494,4.0692835,3.1943972,2.870223,-Infinity,3.0769503,2.2240257,1.9503602,-Infinity,3.2383535,2.589011,2.240736,-Infinity,2.5597136,1.7639716,1.5313687,-Infinity,1.9609219,1.167464,0.94754857,-Infinity,NaN,NaN,848.5714,NaN,NaN,-0.48956298828125,0.09521484375,0.85931396484375,2.071075439453125,2.73651123046875,5.203857421875,1,1.0,1.0,1.0,4.0,64.31
2017-07-08 11:28:02.508,4.1197114,2.9790852,2.8760428,-Infinity,3.0982213,2.0968504,1.96334,-Infinity,3.1196582,2.549222,2.2727625,-Infinity,2.6010253,1.5838134,1.5285406,-Infinity,2.024361,0.9937612,0.9285513,-Infinity,NaN,NaN,854.61536,NaN,NaN,-0.48956298828125,0.09521484375,0.85931396484375,0.515899658203125,2.73651123046875,1.951446533203125,1,1.0,1.0,1.0,4.0,64.31
2017-07-08 11:28:03.539,4.136544,2.7727714,2.3563259,-Infinity,3.1177216,1.8767937,1.642427,-Infinity,3.1123838,2.121735,1.8542562,-Infinity,2.630051,1.408838,1.142692,-Infinity,2.041366,0.8276836,0.60553646,-Infinity,NaN,NaN,861.8681,NaN,NaN,-0.48956298828125,0.09521484375,0.85931396484375,1.757049560546875,2.115936279296875,2.145843505859375,1,1.0,1.0,1.0,4.0,64.31
2017-07-08 11:28:04.542,3.8843832,3.0045266,2.3656132,-Infinity,2.8787782,1.9987152,1.525537,-Infinity,3.1140964,2.3347452,1.7586259,-Infinity,2.380964,1.5270776,1.0539871,-Infinity,1.7734221,0.9688808,0.5366333,-Infinity,NaN,NaN,861.8681,NaN,NaN,-0.50164794921875,0.13275146484375,0.84613037109375,0.471038818359375,1.7645263671875,1.6448974609375,1,1.0,1.0,1.0,4.0,64.31
2017-07-08 11:28:05.556,3.976505,2.9158413,3.6151345,-Infinity,2.9541545,1.9289746,2.616964,-Infinity,3.2496254,2.2968144,3.0607934,-Infinity,2.4772935,1.4850034,2.132427,-Infinity,1.8863968,0.9097128,1.5458032,-Infinity,NaN,853.8095,NaN,NaN,NaN,-0.50762939453125,0.1268310546875,0.84832763671875,0.64300537109375,1.936492919921875,2.041168212890625,1,1.0,1.0,1.0,4.0,64.31
2017-07-08 11:28:06.571,3.9694104,2.2477357,3.8629396,-Infinity,2.9960475,1.5168164,2.8645813,-Infinity,3.1044123,1.7284672,3.139064,-Infinity,2.504806,1.1692196,2.3752673,-Infinity,1.9084117,0.5852584,1.7663734,-Infinity,NaN,867.50916,NaN,NaN,NaN,-0.50604248046875,0.1331787109375,0.84130859375,0.620574951171875,1.31591796875,1.338348388671875,1,1.0,1.0,1.0,4.0,64.31
2017-07-08 11:28:07.573,4.1243887,2.5437708,3.6169696,-Infinity,3.167191,1.7067657,2.6351304,-Infinity,3.1345203,1.845732,3.0439975,-Infinity,2.6656919,1.257954,2.1417193,-Infinity,2.0767457,0.72093415,1.5337436,-Infinity,NaN,NaN,847.3626,NaN,NaN,-0.50604248046875,0.1331787109375,0.84130859375,0.76263427734375,2.25799560546875,1.48040771484375,1,1.0,1.0,1.0,4.0,64.31
2017-07-08 11:28:08.597,3.9679682,2.8506236,2.812459,-Infinity,3.0020018,1.9249779,1.8970156,-Infinity,3.1085038,2.1177356,2.4672222,-Infinity,2.494644,1.463769,1.4487374,-Infinity,1.9091526,0.87293315,0.91816616,-Infinity,NaN,846.9597,NaN,NaN,NaN,-0.50604248046875,0.1331787109375,0.84130859375,-2.91595458984375,2.968292236328125,1.727142333984375,1,1.0,1.0,1.0,4.0,64.31
2017-07-08 11:28:09.616,4.0504584,2.8657904,2.2868695,-Infinity,3.0395014,1.8685634,1.5450889,-Infinity,3.1521223,2.2517602,1.7944,-Infinity,2.5388532,1.4404095,1.0377389,-Infinity,1.9515997,0.81280756,0.5018466,-Infinity,861.8681,NaN,864.2857,NaN,NaN,-0.5126953125,0.12408447265625,0.83038330078125,1.099090576171875,3.2598876953125,1.614990234375,1,1.0,1.0,1.0,4.0,64.31
2017-07-08 11:28:10.640,4.0535746,2.6671393,2.5261688,-Infinity,3.051652,1.7595493,1.6300607,-Infinity,3.1788027,2.1451092,2.0576477,-Infinity,2.549246,1.2904763,1.2463835,-Infinity,1.9368231,0.69220376,0.69617206,-Infinity,NaN,851.79486,848.5714,NaN,NaN,-0.5272216796875,0.12628173828125,0.83538818359375,1.3458251953125,2.572021484375,1.831817626953125,1,1.0,1.0,1.0,4.0,64.31
2017-07-08 11:28:11.644,3.8152215,2.0321736,2.7161226,-Infinity,2.7149963,1.4379154,1.7341806,-Infinity,2.9387095,1.8805655,2.0646443,-Infinity,2.2568514,0.9701729,1.3739401,-Infinity,1.669188,0.43959224,0.8017132,-Infinity,NaN,853.8095,850.58606,NaN,NaN,-0.5272216796875,0.12628173828125,0.83538818359375,0.8673095703125,2.3626708984375,1.801910400390625,1,1.0,1.0,1.0,4.0,64.31
2017-07-08 11:28:12.659,3.849647,2.5207577,2.6565363,-Infinity,2.7997298,1.7217307,1.7477173,-Infinity,2.9769232,1.9225954,2.0236282,-Infinity,2.325955,1.2745694,1.3121713,-Infinity,1.7242979,0.703559,0.72071123,-Infinity,NaN,849.7802,NaN,NaN,NaN,-0.5272216796875,0.12628173828125,0.83538818359375,1.054229736328125,2.22808837890625,1.861724853515625,1,1.0,1.0,1.0,4.0,64.31
2017-07-08 11:28:13.677,4.106883,2.6314957,2.6975105,-Infinity,3.2692738,1.7688063,1.8376064,-Infinity,3.1336112,1.9597019,2.0463967,-Infinity,2.7168686,1.3163474,1.3793085,-Infinity,2.0768201,0.7394065,0.8337534,-Infinity,NaN,NaN,866.7033,NaN,NaN,-0.5272216796875,0.12628173828125,0.83538818359375,0.73272705078125,2.100982666015625,1.443023681640625,1,1.0,1.0,1.0,4.0,64.31
2017-07-08 11:28:14.692,3.9653213,2.7228432,2.5434432,-Infinity,3.1281471,1.7893189,1.702654,-Infinity,3.1255813,2.0710094,1.974476,-Infinity,2.5750294,1.3742228,1.283582,-Infinity,1.9203135,0.77695215,0.7813846,-Infinity,773.6264,NaN,871.9414,NaN,NaN,-0.5272216796875,0.12628173828125,0.83538818359375,1.07666015625,2.056121826171875,1.54022216796875,1,1.0,1.0,1.0,4.0,64.31
2017-07-08 11:28:15.704,3.8596377,2.9990697,3.7466645,-Infinity,2.8289707,2.0284245,2.7696805,-Infinity,2.8535817,2.2616694,3.0744607,-Infinity,2.3268394,1.5608108,2.2712233,-Infinity,1.7064613,1.0013132,1.6888394,-Infinity,NaN,851.39197,NaN,NaN,NaN,-0.50640869140625,0.12225341796875,0.8438720703125,0.88226318359375,1.786956787109375,1.4654541015625,1,1.0,1.0,1.0,4.0,64.27
2017-07-08 11:28:16.714,3.711321,2.677234,3.9603717,-Infinity,2.7135253,1.788407,2.9903557,-Infinity,2.9308326,2.0811596,3.0786514,-Infinity,2.2130437,1.3610901,2.4927268,-Infinity,1.623875,0.8114695,1.902714,-Infinity,NaN,864.2857,NaN,NaN,NaN,-0.50640869140625,0.12225341796875,0.8438720703125,0.94207763671875,1.854248046875,1.2860107421875,1,1.0,1.0,1.0,4.0,64.27
2017-07-08 11:28:17.730,3.9623969,2.350526,3.1301618,-Infinity,3.1138039,1.5835679,2.2038524,-Infinity,3.5092885,1.8957133,2.7903779,-Infinity,2.594195,1.21879,1.7270964,-Infinity,2.0414727,0.64795256,1.1499887,-Infinity,NaN,856.2271,NaN,NaN,NaN,-0.50946044921875,0.12847900390625,0.83380126953125,1.09161376953125,2.7215576171875,1.77947998046875,1,1.0,1.0,1.0,4.0,64.27
2017-07-08 11:28:18.737,3.9865913,2.392669,2.5298636,-Infinity,3.2524667,1.593519,1.7169765,-Infinity,3.5344834,1.9033976,2.114612,-Infinity,2.727475,1.1032076,1.2754405,-Infinity,2.2040036,0.597076,0.70367146,-Infinity,NaN,NaN,855.42126,NaN,NaN,-0.5087890625,0.12701416015625,0.83984375,0.246734619140625,1.532745361328125,2.086029052734375,1,1.0,1.0,1.0,4.0,64.27
2017-07-08 11:28:19.739,3.9832969,3.2689779,2.7658355,-Infinity,2.9751232,2.3399205,1.8116343,-Infinity,2.9739535,2.7086132,2.1280448,-Infinity,2.488223,1.8611308,1.3808109,-Infinity,1.9060813,1.2842652,0.8007676,-Infinity,855.0183,NaN,857.8388,NaN,NaN,-0.50018310546875,0.14361572265625,0.84503173828125,0.755157470703125,2.1234130859375,1.323394775390625,1,1.0,1.0,1.0,4.0,64.27
2017-07-08 11:28:20.757,3.695937,3.0609703,2.7376883,-Infinity,2.6586902,2.1664078,1.7937325,-Infinity,2.941215,2.7027793,2.1279266,-Infinity,2.1968672,1.6787698,1.3379858,-Infinity,1.6090621,1.1028537,0.78679293,-Infinity,NaN,855.0183,NaN,NaN,NaN,-0.50018310546875,0.14361572265625,0.84503173828125,0.934600830078125,1.92901611328125,1.682281494140625,1,1.0,1.0,1.0,4.0,64.27
2017-07-08 11:28:21.775,3.8131251,2.4032004,2.183424,-Infinity,2.801266,1.686478,1.4861969,-Infinity,2.941215,1.936039,1.8332287,-Infinity,2.3207572,1.1576297,1.0969414,-Infinity,1.7504157,0.6508999,0.5288821,-Infinity,865.09155,NaN,849.3773,NaN,NaN,-0.50018310546875,0.14361572265625,0.84503173828125,1.757049560546875,1.831817626953125,1.0467529296875,1,1.0,1.0,1.0,4.0,64.27
2017-07-08 11:28:22.785,3.6388037,2.1491957,2.1045995,-Infinity,2.597047,1.5922906,1.5202647,-Infinity,2.6723175,1.6462188,1.6063113,-Infinity,2.1262405,1.0589185,1.0564162,-Infinity,1.5536723,0.4787445,0.60975844,-Infinity,NaN,857.03296,836.4835,NaN,NaN,-0.50018310546875,0.14361572265625,0.84503173828125,1.443023681640625,2.295379638671875,1.6748046875,1,1.0,1.0,1.0,4.0,64.27
2017-07-08 11:28:23.789,3.5347266,2.3880835,2.3565342,-Infinity,2.4980154,1.5915121,1.61951,-Infinity,2.7151277,1.817689,1.8254365,-Infinity,2.029008,1.2401866,1.1493373,-Infinity,1.4444768,0.5906548,0.6862551,-Infinity,NaN,NaN,NaN,NaN,NaN,-0.50396728515625,0.14019775390625,0.84259033203125,1.218719482421875,1.772003173828125,2.093505859375,1,1.0,1.0,1.0,4.0,64.27
2017-07-08 11:28:24.811,3.5779207,2.1463091,2.4631307,-Infinity,2.5587616,1.615969,1.6881821,-Infinity,2.7497003,1.7922794,1.9267246,-Infinity,2.06164,1.145828,1.2430744,-Infinity,1.4869609,0.56115127,0.7126074,-Infinity,NaN,850.989,NaN,NaN,NaN,-0.49884033203125,0.14501953125,0.83984375,1.114044189453125,2.235565185546875,1.742095947265625,1,1.0,1.0,1.0,4.0,64.27
2017-07-08 11:28:25.820,3.5648713,2.9869573,3.5576448,-Infinity,2.5562706,2.0809073,2.5987186,-Infinity,2.5963438,2.429864,3.0447986,-Infinity,2.0160708,1.6137466,2.086416,-Infinity,1.4451013,1.0339818,1.49421,-Infinity,NaN,846.9597,854.21246,NaN,NaN,-0.49884033203125,0.14501953125,0.83984375,1.233673095703125,3.177642822265625,1.65985107421875,1,1.0,1.0,1.0,4.0,64.27
2017-07-08 11:28:26.826,3.6866648,3.0903826,3.714081,-Infinity,2.7156744,2.1270063,2.7448173,-Infinity,2.962301,2.4324646,3.0503592,-Infinity,2.2185323,1.6764535,2.2370806,-Infinity,1.6436974,1.0828117,1.6453193,-Infinity,NaN,NaN,847.3626,NaN,NaN,-0.49884033203125,0.14501953125,0.83984375,1.248626708984375,1.95892333984375,1.45050048828125,1,1.0,1.0,1.0,4.0,64.27
2017-07-08 11:28:27.848,3.7415383,2.824786,1.8685954,-Infinity,2.71777,1.9018966,1.3804373,-Infinity,3.0373378,2.2011998,1.6181936,-Infinity,2.2293801,1.4644513,0.99498636,-Infinity,1.6367066,0.90718704,0.51300216,-Infinity,862.27106,NaN,850.989,NaN,NaN,-0.49884033203125,0.14501953125,0.83984375,0.710296630859375,1.86920166015625,1.532745361328125,1,1.0,1.0,1.0,4.0,64.27
2017-07-08 11:28:28.854,3.5906475,2.6376708,2.0309708,-Infinity,2.5050151,1.8070571,1.4845676,-Infinity,2.967871,2.1744893,1.581898,-Infinity,2.0398889,1.3271978,1.0358046,-Infinity,1.470603,0.80040246,0.6180715,-Infinity,NaN,NaN,844.94507,NaN,NaN,-0.49749755859375,0.13812255859375,0.8380126953125,1.1663818359375,2.3028564453125,1.667327880859375,1,1.0,1.0,1.0,4.0,64.27
2017-07-08 11:28:29.868,3.696276,2.2368455,2.0351923,-Infinity,2.6667705,1.5731802,1.4155741,-Infinity,2.9812915,1.7088205,1.5729024,-Infinity,2.180909,1.1462756,1.0662247,-Infinity,1.5985615,0.5955572,0.4743692,-Infinity,NaN,853.00366,NaN,NaN,NaN,-0.49749755859375,0.13812255859375,0.8380126953125,0.725250244140625,2.130889892578125,1.51031494140625,1,1.0,1.0,1.0,4.0,64.27
2017-07-08 11:28:30.885,3.798021,2.615436,2.412297,-Infinity,2.6950595,1.7763715,1.5653806,-Infinity,2.8942952,2.2917616,1.7849869,-Infinity,2.2429621,1.3645104,1.1806085,-Infinity,1.6539308,0.73185414,0.5715175,-Infinity,NaN,853.4066,NaN,NaN,NaN,-0.49749755859375,0.13812255859375,0.8380126953125,0.55328369140625,2.16827392578125,1.517791748046875,1,1.0,1.0,1.0,4.0,64.27
2017-07-08 11:28:31.896,3.993174,2.8741853,2.5006196,-Infinity,3.0846963,1.9707316,1.5667256,-Infinity,3.5741055,2.3543913,1.982033,-Infinity,2.5787334,1.5187526,1.2487426,-Infinity,2.0088546,0.9347161,0.64885485,-Infinity,NaN,NaN,NaN,NaN,NaN,-0.49749755859375,0.13812255859375,0.8380126953125,0.949554443359375,2.0037841796875,1.428070068359375,1,1.0,1.0,1.0,4.0,64.27
2017-07-08 11:28:32.917,3.9792519,2.873867,2.1281543,-Infinity,3.1055636,1.9150896,1.4508736,-Infinity,3.5741055,2.2623558,1.6201403,-Infinity,2.5805225,1.5071274,1.1173564,-Infinity,2.0036712,0.92688054,0.5934313,-Infinity,NaN,NaN,843.3333,NaN,NaN,-0.49749755859375,0.13812255859375,0.8380126953125,0.5084228515625,1.816864013671875,1.502838134765625,1,1.0,1.0,1.0,4.0,64.27
2017-07-08 11:28:33.921,3.9415312,2.8344455,1.777702,-Infinity,2.968596,1.9226137,1.2709686,-Infinity,3.0930479,2.236376,1.5225261,-Infinity,2.4551103,1.5000556,1.0069354,-Infinity,1.7843461,0.8871825,0.40231016,-Infinity,851.79486,NaN,846.1539,NaN,NaN,-0.50067138671875,0.138427734375,0.84210205078125,0.800018310546875,1.89910888671875,1.07666015625,1,1.0,1.0,1.0,4.0,64.27
2017-07-08 11:28:34.930,3.0246446,2.25437,1.9754246,-Infinity,2.2473435,1.7163467,1.3951796,-Infinity,2.3357909,1.6935147,1.578712,-Infinity,1.6847936,1.1101383,0.9615789,-Infinity,1.0446138,0.6154052,0.4066394,-Infinity,NaN,852.6007,NaN,NaN,NaN,-0.50067138671875,0.138427734375,0.84210205078125,0.874786376953125,2.579498291015625,1.323394775390625,1,1.0,1.0,1.0,4.0,64.27
2017-07-08 11:28:35.959,3.8819726,2.4788234,3.1714506,-Infinity,2.9773633,1.7418306,2.227594,-Infinity,3.0800803,1.8983012,2.821472,-Infinity,2.440924,1.2953217,1.768728,-Infinity,1.8433893,0.66242296,1.1787083,-Infinity,NaN,NaN,850.989,NaN,NaN,-0.50201416015625,0.13848876953125,0.8428955078125,0.366363525390625,1.966400146484375,1.831817626953125,1,1.0,1.0,1.0,4.0,64.22
2017-07-08 11:28:36.972,3.914672,2.394487,3.417139,-Infinity,3.3112495,1.5449005,2.4459126,-Infinity,3.6225796,1.9556609,2.9701068,-Infinity,2.7600076,1.2373645,1.9391001,-Infinity,2.2388608,0.61458194,1.3751569,-Infinity,840.5128,848.5714,840.5128,NaN,NaN,-0.49908447265625,0.1353759765625,0.84344482421875,0.665435791015625,1.9439697265625,1.4654541015625,1,1.0,1.0,1.0,4.0,64.22
2017-07-08 11:28:37.989,3.8716664,3.0947366,2.638173,-Infinity,3.204107,2.131983,1.7478471,-Infinity,3.6225796,2.7686415,2.0966897,-Infinity,2.6975083,1.6700678,1.2910234,-Infinity,2.1729074,1.0751529,0.7654478,-Infinity,NaN,854.61536,NaN,NaN,NaN,-0.498046875,0.1396484375,0.84130859375,0.485992431640625,2.056121826171875,1.8243408203125,1,1.0,1.0,1.0,4.0,64.22
2017-07-08 11:28:38.992,3.6737661,3.3210003,3.3599308,-Infinity,2.6670637,2.3353176,2.4297228,-Infinity,2.9332712,2.9277134,2.8175745,-Infinity,2.183394,1.8372077,1.9407891,-Infinity,1.5729547,1.2712893,1.3565217,-Infinity,872.74725,859.85345,846.1539,NaN,NaN,-0.498046875,0.1396484375,0.84130859375,0.994415283203125,2.6019287109375,1.921539306640625,1,1.0,1.0,1.0,4.0,64.22
2017-07-08 11:28:40.000,3.8237627,2.5768588,3.057674,-Infinity,2.8371627,1.7025155,2.1440296,-Infinity,2.9017613,2.111967,2.732768,-Infinity,2.3276312,1.2579995,1.662122,-Infinity,1.7203499,0.7431369,1.1121172,-Infinity,NaN,852.6007,NaN,NaN,NaN,-0.4964599609375,0.13897705078125,0.84625244140625,1.45050048828125,2.011260986328125,1.6748046875,1,1.0,1.0,1.0,4.0,64.22
2017-07-08 11:28:41.004,3.282415,2.4864197,1.746522,-Infinity,2.236038,1.7381377,1.2682883,-Infinity,2.410326,1.9461713,1.6509784,-Infinity,1.7533308,1.3184698,1.0170658,-Infinity,1.1928387,0.80008775,0.60348207,-Infinity,NaN,NaN,852.6007,NaN,NaN,-0.4964599609375,0.13897705078125,0.84625244140625,1.054229736328125,1.682281494140625,0.897216796875,1,1.0,1.0,1.0,4.0,64.22
2017-07-08 11:28:42.010,3.7577853,2.3516638,1.8074716,-Infinity,2.7548833,1.6020157,1.284479,-Infinity,3.2649589,1.959511,1.5912111,-Infinity,2.2641838,1.2446234,0.947753,-Infinity,1.6886841,0.6186962,0.4335729,-Infinity,NaN,850.18317,856.2271,NaN,NaN,-0.49261474609375,0.14105224609375,0.84710693359375,0.5682373046875,2.056121826171875,1.5850830078125,1,1.0,1.0,1.0,4.0,64.22
2017-07-08 11:28:43.028,4.090613,2.1259806,1.9110001,-Infinity,3.0566897,1.4321145,1.3719115,-Infinity,3.3205347,1.7816839,1.5756309,-Infinity,2.5676086,1.082806,0.9770437,-Infinity,1.9813088,0.5318429,0.5352022,-Infinity,NaN,856.63007,NaN,NaN,NaN,-0.49578857421875,0.1385498046875,0.8441162109375,0.46356201171875,1.5850830078125,1.173858642578125,1,1.0,1.0,1.0,4.0,64.22
2017-07-08 11:28:44.043,3.9054477,1.9685622,2.2341466,-Infinity,2.8549652,1.4423387,1.5782123,-Infinity,3.0515993,1.6003711,1.6837479,-Infinity,2.3613098,1.0027695,1.1737995,-Infinity,1.7632784,0.50385964,0.63203365,-Infinity,857.03296,854.21246,845.34796,NaN,NaN,-0.49578857421875,0.1385498046875,0.8441162109375,1.472930908203125,2.31781005859375,1.981353759765625,1,1.0,1.0,1.0,4.0,64.22
2017-07-08 11:28:45.061,2.8440292,2.0715573,2.5175807,-Infinity,2.0067642,1.4827697,1.7561772,-Infinity,1.7639929,1.6325899,1.9042932,-Infinity,1.4732958,1.0356408,1.3077453,-Infinity,0.8737431,0.52887285,0.7018293,-Infinity,NaN,NaN,NaN,NaN,1433.2234,-0.5030517578125,0.143798828125,0.84429931640625,0.500946044921875,2.564544677734375,1.443023681640625,1,1.0,1.0,1.0,4.0,64.22
2017-07-08 11:28:46.079,3.843575,2.7811985,3.7843826,-Infinity,2.8771617,1.9137342,2.811897,-Infinity,3.0547054,2.4168613,3.0886102,-Infinity,2.3674102,1.4704797,2.3057852,-Infinity,1.7732148,0.8773549,1.7151577,-Infinity,NaN,NaN,NaN,NaN,NaN,-0.492919921875,0.14447021484375,0.84259033203125,0.530853271484375,1.83929443359375,1.682281494140625,1,1.0,1.0,1.0,4.0,64.20
2017-07-08 11:28:47.095,3.0677276,2.6278353,3.44704,-Infinity,2.1431935,1.768321,2.4894674,-Infinity,2.5052605,2.2912376,3.0103014,-Infinity,1.6779755,1.3655665,1.9953246,-Infinity,1.0732834,0.8008349,1.4019912,-Infinity,NaN,NaN,855.82416,NaN,NaN,-0.492919921875,0.14447021484375,0.84259033203125,0.725250244140625,1.368255615234375,0.5682373046875,1,1.0,1.0,1.0,4.0,64.20
2017-07-08 11:28:48.113,2.9587498,2.061961,2.101323,-Infinity,2.0375516,1.3857498,1.4906873,-Infinity,2.2491314,1.8693476,1.5593323,-Infinity,1.5587913,0.9829406,1.074104,-Infinity,0.9675586,0.50172335,0.5556919,-Infinity,861.06226,NaN,854.21246,NaN,NaN,-0.492919921875,0.14447021484375,0.84259033203125,1.06170654296875,2.684173583984375,1.592559814453125,1,1.0,1.0,1.0,4.0,64.20
2017-07-08 11:28:49.129,3.230409,2.2195644,2.2944045,-Infinity,2.303133,1.5943692,1.587091,-Infinity,2.4012527,1.6161512,1.7701558,-Infinity,1.7874274,1.052419,1.1749687,-Infinity,1.2188274,0.5047234,0.59265596,-Infinity,917.8755,NaN,843.73627,NaN,NaN,-0.492919921875,0.14447021484375,0.84259033203125,0.478515625,1.80938720703125,1.07666015625,1,1.0,1.0,1.0,4.0,64.20
2017-07-08 11:28:50.137,3.230409,2.125517,2.2756042,-Infinity,2.303133,1.4799551,1.6002648,-Infinity,2.4012527,1.5604926,1.7905062,-Infinity,1.7874274,1.0337851,1.1753732,-Infinity,1.2188274,0.49842432,0.61619353,-Infinity,NaN,845.34796,NaN,NaN,NaN,-0.492919921875,0.14447021484375,0.84259033203125,0.560760498046875,1.79443359375,1.054229736328125,1,1.0,1.0,1.0,4.0,64.20
2017-07-08 11:28:51.169,4.0061507,2.1494071,2.0860808,-Infinity,3.0223558,1.5137177,1.5167549,-Infinity,3.1212535,1.6914077,1.629627,-Infinity,2.5020788,1.1608037,1.0367846,-Infinity,1.9029357,0.5929419,0.55163383,-Infinity,NaN,NaN,NaN,NaN,NaN,-0.49896240234375,0.1370849609375,0.84808349609375,0.91217041015625,2.25799560546875,1.6448974609375,1,1.0,1.0,1.0,4.0,64.20
2017-07-08 11:28:52.176,3.2530236,2.5600038,2.0425768,-Infinity,2.257322,1.7634808,1.3389846,-Infinity,2.6632516,2.16362,1.7344689,-Infinity,1.7296289,1.306574,1.0485617,-Infinity,1.1584557,0.7566082,0.5304181,-Infinity,NaN,867.50916,NaN,NaN,NaN,-0.49517822265625,0.132568359375,0.84588623046875,0.95703125,1.891632080078125,1.4654541015625,1,1.0,1.0,1.0,4.0,64.20
2017-07-08 11:28:53.181,3.092055,2.7586725,2.2261033,-Infinity,2.0875466,1.7969531,1.4996333,-Infinity,2.2878773,2.2162924,1.7479074,-Infinity,1.6210701,1.3061056,1.0924202,-Infinity,1.0650849,0.8324477,0.609457,-Infinity,NaN,NaN,848.5714,NaN,NaN,-0.49517822265625,0.132568359375,0.84588623046875,0.605621337890625,2.392578125,1.4056396484375,1,1.0,1.0,1.0,4.0,64.20
2017-07-08 11:28:54.187,3.187019,2.6684318,2.0933037,-Infinity,2.1010747,1.7123659,1.4298666,-Infinity,2.2122364,2.0401437,1.6571344,-Infinity,1.6680131,1.2481465,1.0554228,-Infinity,1.0876629,0.724415,0.48837364,-Infinity,NaN,NaN,859.0476,NaN,NaN,-0.49517822265625,0.132568359375,0.84588623046875,1.293487548828125,0.994415283203125,2.22808837890625,1,1.0,1.0,1.0,4.0,64.20
2017-07-08 11:28:55.209,3.6585293,2.3463504,3.1118293,-Infinity,2.6426337,1.5136158,2.222381,-Infinity,2.9499865,1.9260713,2.803281,-Infinity,2.1584752,1.1826918,1.7212635,-Infinity,1.5555347,0.6220243,1.1408737,-Infinity,NaN,NaN,NaN,NaN,NaN,-0.49639892578125,0.1470947265625,0.84600830078125,0.112152099609375,1.68975830078125,0.34393310546875,1,1.0,1.0,1.0,4.0,64.20
2017-07-08 11:28:56.234,3.4819405,2.571555,3.7841027,-Infinity,2.5890806,1.7364802,2.8263865,-Infinity,2.8343968,2.1154084,3.1009626,-Infinity,2.0509505,1.2867633,2.3173594,-Infinity,1.4528263,0.71751314,1.723773,-Infinity,867.1062,NaN,NaN,NaN,NaN,-0.49853515625,0.1385498046875,0.84698486328125,1.637420654296875,2.40753173828125,1.60003662109375,1,1.0,1.0,1.0,4.0,64.20
2017-07-08 11:28:57.254,3.5888102,2.4774544,3.5334136,-Infinity,2.5822845,1.6362631,2.5730295,-Infinity,2.9572043,2.0859234,3.0654275,-Infinity,2.0972912,1.2994245,2.0839155,-Infinity,1.5352916,0.7082928,1.4880991,-Infinity,856.2271,NaN,850.18317,NaN,NaN,-0.4932861328125,0.1375732421875,0.841552734375,0.897216796875,1.9439697265625,1.31591796875,1,1.0,1.0,1.0,4.0,64.20
2017-07-08 11:28:58.259,3.4621582,2.740019,1.9094656,-Infinity,2.4499755,1.7727668,1.3515626,-Infinity,2.9538002,2.281569,1.5739411,-Infinity,1.9762312,1.3888249,0.9563648,-Infinity,1.4145694,0.80065477,0.4237315,-Infinity,NaN,856.2271,NaN,NaN,NaN,-0.4932861328125,0.1375732421875,0.841552734375,0.231781005859375,1.607513427734375,1.8841552734375,1,1.0,1.0,1.0,4.0,64.20
2017-07-08 11:28:59.267,3.2051914,2.8622622,2.1972632,-Infinity,2.1711812,1.8537309,1.407177,-Infinity,2.450927,2.3204465,1.9001008,-Infinity,1.6989092,1.4500177,1.100899,-Infinity,1.1122583,0.844896,0.59543145,-Infinity,869.12085,NaN,850.18317,NaN,NaN,-0.49359130859375,0.1346435546875,0.845458984375,1.128997802734375,2.67669677734375,1.861724853515625,1,1.0,1.0,1.0,4.0,64.20
2017-07-08 11:29:00.275,3.3790603,2.5612724,2.217671,-Infinity,2.3679466,1.7642368,1.4283834,-Infinity,2.681893,2.1233397,1.9001008,-Infinity,1.8901709,1.313424,1.1817818,-Infinity,1.2856756,0.7443015,0.63794583,-Infinity,NaN,834.87177,844.94507,NaN,NaN,-0.50262451171875,0.1334228515625,0.8426513671875,1.413116455078125,2.340240478515625,1.2860107421875,1,1.0,1.0,1.0,4.0,64.20
2017-07-08 11:29:01.307,3.5943146,2.57469,1.9476912,-Infinity,2.5652835,1.7342393,1.3422118,-Infinity,2.9256094,2.125901,1.5549395,-Infinity,2.094873,1.319348,0.9730179,-Infinity,1.5156091,0.7568058,0.44520968,-Infinity,863.8828,NaN,NaN,NaN,NaN,-0.5020751953125,0.12286376953125,0.8426513671875,0.500946044921875,1.592559814453125,0.770111083984375,1,1.0,1.0,1.0,4.0,64.20
2017-07-08 11:29:02.329,3.7391925,2.949802,2.8321593,-Infinity,2.6499822,2.0582013,1.9122616,-Infinity,2.9379334,2.633185,2.3645265,-Infinity,2.1914074,1.5808836,1.4322941,-Infinity,1.6316596,1.0209969,0.8436163,-Infinity,840.10986,NaN,863.47986,NaN,NaN,-0.495361328125,0.1240234375,0.8450927734375,4.42626953125,19.27520751953125,14.512481689453125,1,1.0,1.0,1.0,4.0,64.20
2017-07-08 11:29:03.359,3.7937157,3.0531209,2.6303551,-Infinity,2.6940613,2.1444666,1.7978175,-Infinity,3.1056364,2.633185,2.2240853,-Infinity,2.2311428,1.6796533,1.3572981,-Infinity,1.6690891,1.0936413,0.7767871,-Infinity,NaN,NaN,NaN,NaN,NaN,-0.67333984375,0.112548828125,0.7486572265625,9.488067626953125,-6.362762451171875,-22.13134765625,1,1.0,1.0,1.0,4.0,64.20
2017-07-08 11:29:04.371,3.9201198,2.13148,2.534904,-Infinity,2.845217,1.4947294,1.7615614,-Infinity,3.015068,1.6347716,1.8443973,-Infinity,2.3664777,1.1761547,1.286225,-Infinity,1.7974391,0.5417793,0.69736546,-Infinity,864.68866,NaN,859.0476,NaN,NaN,-0.57720947265625,0.06304931640625,0.8033447265625,-5.286102294921875,6.646881103515625,2.0037841796875,1,1.0,1.0,1.0,4.0,64.20
